ip,urlpath,time1,Country
112.135.68.237,/search?q=0,2018-04-01 01:54:58,LK
123.231.14.189,/search?q=4,2018-04-01 07:32:40,LK
220.247.200.70,/search?q=562,2018-04-01 14:56:58,LK
220.247.200.70,/search?q=0,2018-04-01 04:42:35,LK
113.59.199.63,/search?q=2,2018-04-01 08:28:53,LK
113.59.199.63,/search?q=1,2018-04-01 06:03:00,LK
112.134.79.217,/search?q=2,2018-03-31 16:40:04,LK
112.134.79.217,/search?q=2,2018-03-31 16:42:42,LK
113.59.199.63,/search?q=11,2018-04-01 06:29:23,LK
112.134.120.157,/search?q=1,2018-04-01 10:29:07,LK
124.43.22.106,/search?q=226,2018-04-01 14:13:16,LK
112.134.88.87,/search?q=3681,2018-04-01 04:18:24,LK
112.135.74.222,/search?q=1,2018-04-01 03:42:43,LK
112.135.113.51,/search?q=0,2018-04-01 04:53:19,LK
112.134.247.90,/search?q=0,2018-04-01 03:16:59,LK
112.134.92.54,/search?q=0,2018-03-31 21:40:20,LK
112.134.93.97,/search?q=9193,2018-04-01 12:28:05,LK
113.59.209.39,/search?q=0,2018-04-01 04:50:21,LK
112.134.183.141,/search?q=2225,2018-04-01 13:22:58,LK
112.134.125.130,/search?q=2,2018-04-01 06:28:37,LK
112.134.78.90,/search?q=2,2018-04-01 04:38:22,LK
112.134.6.3,/search?q=0,2018-04-01 14:40:31,LK
123.231.18.123,/search?q=1602,2018-04-01 09:28:17,LK
119.235.7.122,/search?q=383,2018-04-01 02:51:41,LK
112.134.88.114,/search?q=9193,2018-04-01 00:15:00,LK
112.134.46.191,/search?q=0,2018-04-01 14:08:14,LK
WHITE LIST,/search?q=418,2018-04-01 13:35:15,LK
119.235.1.98,/search?q=2,2018-03-31 16:22:57,LK
119.235.1.98,/search?q=2,2018-04-01 13:47:06,LK
124.43.27.173,/search?q=2,2018-04-01 13:45:10,LK
220.247.217.30,/search?q=28,2018-04-01 03:49:24,LK
112.134.113.230,/search?q=0,2018-04-01 14:35:43,LK
123.231.105.188,/search?q=0,2018-04-01 02:06:51,LK
112.134.95.69,/search?q=2,2018-03-31 18:43:46,LK
112.134.95.69,/search?q=2,2018-03-31 18:46:44,LK
112.134.140.95,/search?q=4748,2018-04-01 06:35:40,LK
112.134.6.113,/search?q=502,2018-04-01 04:38:19,LK
119.235.3.150,/search?q=3075,2018-04-01 10:23:02,LK
112.135.100.89,/search?q=98,2018-04-01 10:29:00,LK
112.135.76.186,/search?q=376,2018-04-01 05:58:19,LK
112.134.211.86,/search?q=625,2018-04-01 12:17:57,LK
112.134.211.86,/search?q=625,2018-04-01 12:21:01,LK
220.247.217.30,/search?q=6,2018-04-01 12:29:11,LK
112.134.140.95,/search?q=1,2018-04-01 07:31:48,LK
112.134.160.61,/search?q=0,2018-04-01 10:44:20,LK
123.231.107.70,/search?q=0,2018-04-01 09:03:00,LK
112.134.199.143,/search?q=1223,2018-04-01 03:45:59,LK
112.134.92.228,/search?q=2,2018-04-01 08:34:05,LK
112.134.151.245,/search?q=0,2018-04-01 07:44:51,LK
112.134.199.143,/search?q=1223,2018-04-01 13:17:05,LK
122.255.62.154,/search?q=13,2018-03-31 18:55:25,LK
112.135.106.137,/search?q=0,2018-04-01 03:08:49,LK
112.134.160.61,/search?q=1,2018-04-01 10:47:37,LK
220.247.247.134,/search?q=1945,2018-04-01 04:59:28,LK
112.134.187.172,/search?q=1,2018-04-01 11:39:11,LK
116.12.88.106,/search?q=2737,2018-03-31 17:56:31,LK
112.135.119.26,/search?q=0,2018-04-01 10:49:16,LK
112.134.151.245,/search?q=0,2018-03-31 22:36:35,LK
116.12.88.106,/search?q=2737,2018-04-01 15:25:05,LK
123.231.18.123,/search?q=319,2018-04-01 05:37:18,LK
112.135.76.186,/search?q=376,2018-04-01 05:55:20,LK
112.134.140.95,/search?q=1,2018-04-01 07:28:32,LK
112.135.103.172,/search?q=0,2018-04-01 11:27:25,LK
124.43.27.173,/search?q=2,2018-04-01 04:32:23,LK
123.231.126.69,/search?q=50,2018-03-31 16:00:19,LK
123.231.111.78,/search?q=0,2018-04-01 03:30:54,LK
203.143.39.187,/search?q=3029,2018-03-31 16:30:41,LK
112.134.148.215,/search?q=0,2018-04-01 13:51:18,LK
112.134.6.3,/search?q=1,2018-04-01 06:18:37,LK
112.135.126.220,/search?q=0,2018-04-01 03:41:26,LK
112.134.247.90,/search?q=1,2018-04-01 03:17:46,LK
112.134.3.129,/search?q=1,2018-04-01 13:10:01,LK
203.115.31.250,/search?q=5917,2018-03-31 17:36:55,LK
113.59.209.39,/search?q=2,2018-04-01 11:35:32,LK
220.247.207.182,/search?q=4155,2018-03-31 18:48:37,LK
112.134.140.95,/search?q=4748,2018-04-01 06:35:03,LK
112.134.6.113,/search?q=502,2018-04-01 04:33:32,LK
119.235.3.150,/search?q=3075,2018-04-01 10:27:34,LK
112.134.7.207,/search?q=1233,2018-04-01 07:23:11,LK
112.135.107.8,/search?q=328,2018-04-01 10:26:06,LK
112.135.80.77,/search?q=0,2018-04-01 09:51:55,LK
112.135.74.222,/search?q=0,2018-04-01 03:40:49,LK
123.231.122.7,/search?q=1,2018-04-01 15:00:26,LK
113.59.199.63,/search?q=22,2018-04-01 07:40:41,LK
61.245.169.125,/search?q=7,2018-03-31 17:55:31,LK
61.245.169.125,/search?q=7,2018-03-31 17:59:23,LK
112.134.139.180,/search?q=1,2018-04-01 04:28:24,LK
112.135.78.158,/search?q=0,2018-04-01 12:55:16,LK
113.59.199.63,/search?q=1,2018-04-01 10:35:01,LK
123.231.105.188,/search?q=1,2018-04-01 02:01:29,LK
112.135.68.237,/search?q=0,2018-04-01 11:29:23,LK
112.134.45.65,/search?q=0,2018-04-01 02:59:10,LK
112.134.45.65,/search?q=0,2018-04-01 09:08:14,LK
112.135.107.8,/search?q=328,2018-04-01 10:25:51,LK
112.134.247.90,/search?q=0,2018-04-01 09:28:22,LK
112.134.92.54,/search?q=0,2018-03-31 18:29:10,LK
112.134.239.96,/search?q=1,2018-04-01 11:10:30,LK
WHITE LIST,/search?q=418,2018-04-01 13:28:04,LK
112.134.88.114,/search?q=9193,2018-04-01 09:27:08,LK
112.134.169.131,/search?q=1355,2018-04-01 10:08:34,LK
112.134.187.159,/search?q=2225,2018-03-31 16:00:06,LK
113.59.209.39,/search?q=0,2018-04-01 14:02:48,LK
112.134.148.215,/search?q=0,2018-04-01 10:44:26,LK
112.134.183.141,/search?q=2225,2018-04-01 07:14:10,LK
112.134.88.115,/search?q=9193,2018-04-01 09:27:46,LK
220.247.217.30,/search?q=28,2018-04-01 06:59:58,LK
112.134.244.230,/search?q=0,2018-04-01 02:46:42,LK
112.134.147.186,/search?q=237,2018-04-01 06:22:01,LK
123.231.105.188,/search?q=1,2018-04-01 02:00:27,LK
112.134.37.199,/search?q=0,2018-04-01 05:31:16,LK
112.134.37.199,/search?q=0,2018-04-01 08:37:20,LK
112.134.7.207,/search?q=1233,2018-04-01 04:16:12,LK
122.255.62.154,/search?q=13,2018-04-01 13:17:58,LK
124.43.43.118,/search?q=0,2018-04-01 04:25:57,LK
124.43.43.118,/search?q=0,2018-04-01 10:53:11,LK
123.231.121.162,/search?q=0,2018-03-31 16:00:16,LK
112.134.79.80,/search?q=2,2018-04-01 07:44:27,LK
112.134.74.163,/search?q=2,2018-04-01 10:44:35,LK
112.134.212.192,/search?q=304,2018-04-01 05:47:32,LK
112.135.103.132,/search?q=2610,2018-03-31 18:38:37,LK
220.247.247.134,/search?q=1945,2018-04-01 04:54:54,LK
220.247.217.30,/search?q=6,2018-04-01 03:12:33,LK
112.134.127.4,/search?q=2,2018-04-01 14:50:26,LK
112.135.100.89,/search?q=98,2018-04-01 13:35:08,LK
112.135.76.186,/search?q=328,2018-04-01 04:17:10,LK
112.135.119.149,/search?q=98,2018-04-01 04:22:50,LK
112.135.119.149,/search?q=98,2018-04-01 04:25:47,LK
123.231.121.162,/search?q=0,2018-03-31 16:21:33,LK
112.134.139.180,/search?q=4748,2018-04-01 03:29:50,LK
123.231.122.7,/search?q=1,2018-03-31 17:35:00,LK
123.231.14.189,/search?q=1,2018-04-01 04:28:00,LK
123.231.14.189,/search?q=0,2018-04-01 08:10:01,LK
220.247.200.70,/search?q=562,2018-04-01 02:33:48,LK
220.247.200.70,/search?q=0,2018-04-01 01:36:40,LK
113.59.199.63,/search?q=0,2018-04-01 08:24:31,LK
175.157.43.208,/search?q=1233,2018-04-01 01:13:03,LK
112.135.124.232,/search?q=328,2018-04-01 07:23:25,LK
112.134.120.157,/search?q=1,2018-04-01 13:35:59,LK
112.134.93.86,/search?q=9193,2018-03-31 18:11:22,LK
124.43.22.106,/search?q=226,2018-03-31 16:10:01,LK
112.134.88.87,/search?q=3681,2018-04-01 04:22:56,LK
112.135.113.51,/search?q=0,2018-04-01 04:58:35,LK
123.231.126.69,/search?q=50,2018-04-01 13:25:10,LK
123.231.111.78,/search?q=0,2018-04-01 03:26:23,LK
112.134.113.230,/search?q=0,2018-04-01 14:39:26,LK
112.134.147.186,/search?q=237,2018-04-01 03:15:33,LK
112.135.80.77,/search?q=0,2018-04-01 06:45:00,LK
112.135.74.222,/search?q=1,2018-04-01 03:39:41,LK
113.59.199.63,/search?q=11,2018-04-01 12:06:21,LK
112.135.124.232,/search?q=328,2018-04-01 07:20:31,LK
112.134.148.215,/search?q=5298,2018-04-01 07:50:21,LK
123.231.18.123,/search?q=1602,2018-04-01 03:07:34,LK
123.231.14.189,/search?q=1,2018-04-01 07:34:37,LK
203.94.72.22,/search?q=141,2018-04-01 15:03:33,LK
113.59.199.63,/search?q=2,2018-04-01 08:20:50,LK
113.59.199.63,/search?q=0,2018-04-01 07:44:47,LK
112.134.93.97,/search?q=9193,2018-04-01 15:34:22,LK
112.134.240.231,/search?q=1,2018-03-31 17:18:01,LK
112.134.3.129,/search?q=1,2018-04-01 13:06:57,LK
203.115.31.250,/search?q=5918,2018-03-31 20:37:32,LK
112.134.187.159,/search?q=2225,2018-03-31 19:04:37,LK
113.59.209.39,/search?q=2,2018-04-01 06:48:35,LK
112.134.46.191,/search?q=0,2018-04-01 14:07:01,LK
112.134.239.96,/search?q=1,2018-04-01 11:14:09,LK
112.135.111.213,/search?q=98,2018-04-01 07:25:56,LK
112.135.111.213,/search?q=98,2018-04-01 07:28:53,LK
203.143.39.187,/search?q=3029,2018-04-01 13:55:56,LK
112.134.247.90,/search?q=1,2018-04-01 09:27:22,LK
112.134.79.80,/search?q=2,2018-04-01 07:41:29,LK
112.134.139.180,/search?q=4748,2018-04-01 03:32:32,LK
112.134.74.163,/search?q=2,2018-04-01 10:47:32,LK
112.134.160.61,/search?q=0,2018-04-01 10:47:54,LK
123.231.107.70,/search?q=0,2018-04-01 09:02:23,LK
112.134.78.90,/search?q=2,2018-04-01 04:41:20,LK
112.134.6.3,/search?q=1,2018-04-01 15:37:28,LK
112.134.6.3,/search?q=0,2018-04-01 14:39:13,LK
112.135.126.220,/search?q=0,2018-04-01 03:44:53,LK
112.134.79.80,/search?q=0,2018-04-01 10:29:39,LK
112.134.127.4,/search?q=2,2018-04-01 14:55:57,LK
112.134.92.228,/search?q=2,2018-04-01 08:37:01,LK
116.12.88.106,/search?q=2854,2018-04-01 14:50:00,LK
112.135.74.222,/search?q=0,2018-04-01 03:43:40,LK
112.135.103.172,/search?q=0,2018-04-01 11:30:05,LK
220.247.217.30,/search?q=48,2018-03-31 18:21:25,LK
220.247.217.30,/search?q=48,2018-04-01 15:07:40,LK
124.43.12.91,/search?q=264,2018-04-01 03:12:39,LK
124.43.12.91,/search?q=264,2018-04-01 09:22:46,LK
119.235.7.122,/search?q=383,2018-04-01 09:01:01,LK
112.134.169.131,/search?q=1355,2018-04-01 10:09:26,LK
112.134.240.231,/search?q=1,2018-03-31 17:21:02,LK
113.59.209.39,/search?q=1,2018-04-01 05:10:49,LK
113.59.209.39,/search?q=1,2018-04-01 14:22:58,LK
123.231.14.189,/search?q=4,2018-04-01 04:23:51,LK
123.231.14.189,/search?q=0,2018-04-01 04:44:46,LK
203.94.72.22,/search?q=141,2018-03-31 17:10:14,LK
112.135.123.165,/search?q=198,2018-04-01 03:56:55,LK
112.135.123.165,/search?q=198,2018-04-01 04:01:15,LK
112.134.244.230,/search?q=0,2018-04-01 09:05:11,LK
112.134.186.101,/search?q=65,2018-04-01 04:32:57,LK
112.134.186.101,/search?q=65,2018-04-01 04:37:29,LK
220.247.207.182,/search?q=1346,2018-03-31 21:31:34,LK
220.247.207.182,/search?q=1346,2018-04-01 00:42:56,LK
123.231.105.188,/search?q=0,2018-04-01 03:36:13,LK
202.124.191.244,/search?q=74,2018-03-31 17:04:03,LK
202.124.191.244,/search?q=74,2018-04-01 14:50:11,LK
112.134.125.130,/search?q=2,2018-04-01 06:23:14,LK
112.134.88.115,/search?q=9193,2018-04-01 00:15:00,LK
112.134.79.80,/search?q=0,2018-04-01 10:26:47,LK
112.134.5.172,/search?q=22,2018-03-31 16:03:08,LK
112.134.5.172,/search?q=22,2018-03-31 16:04:48,LK
112.134.160.61,/search?q=1,2018-04-01 10:44:25,LK
112.134.212.192,/search?q=304,2018-04-01 05:44:33,LK
112.135.103.132,/search?q=2610,2018-03-31 21:44:30,LK
112.134.44.237,/search?q=1920,2018-04-01 08:07:47,LK
112.134.44.237,/search?q=1920,2018-04-01 12:23:37,LK
112.134.95.235,/search?q=0,2018-04-01 00:35:58,LK
112.134.95.235,/search?q=0,2018-04-01 06:49:56,LK
112.135.106.137,/search?q=0,2018-04-01 12:21:40,LK
112.134.187.172,/search?q=1,2018-04-01 05:30:10,LK
116.12.88.106,/search?q=2854,2018-03-31 17:25:41,LK
123.231.18.123,/search?q=319,2018-04-01 14:10:06,LK
112.135.76.186,/search?q=328,2018-04-01 04:20:15,LK
113.59.199.63,/search?q=22,2018-04-01 07:32:58,LK
175.157.43.208,/search?q=1233,2018-04-01 01:16:15,LK
112.134.148.215,/search?q=5298,2018-04-01 13:11:18,LK
112.134.93.86,/search?q=9193,2018-03-31 18:08:38,LK
112.134.139.180,/search?q=1,2018-04-01 04:25:06,LK
112.135.78.158,/search?q=0,2018-04-01 12:52:13,LK
